{
  "hubWorld": "world",
  "hubPosition": {
    "yaw": -74.956764,
    "pitch": 11.600456,
    "x": 52.02598383347968,
    "y": 64.0,
    "z": 577.2714719635767
  }
}